{
  "IcoMoonType": "selection",
  "icons": [
    {
      "icon": {
        "paths": [
          "M678.4 512l-365.619-379.904c-13.722-13.824-13.722-36.198 0-50.125 13.722-13.824 35.891-13.824 49.613 0l400.896 404.89c13.722 13.875 13.722 36.301 0 50.125l-400.896 404.89c-13.722 13.875-35.891 13.824-49.613 0-13.722-13.773-13.722-36.198 0-50.125l365.619-379.75z"
        ],
        "attrs": [
          {}
        ],
        "isMulticolor": false,
        "isMulticolor2": false,
        "tags": [
          "chevron-thin-right"
        ],
        "grid": 20
      },
      "attrs": [
        {}
      ],
      "properties": {
        "order": 6,
        "id": 1,
        "name": "arrow-right",
        "prevSize": 20,
        "code": 59654
      },
      "setIdx": 0,
      "setId": 3,
      "iconIdx": 0
    },
    {
      "icon": {
        "paths": [
          "M711.219 891.802c13.722 13.926 13.722 36.301 0 50.125s-35.891 13.875-49.613 0l-400.896-404.89c-13.722-13.824-13.722-36.198 0-50.125l400.896-404.89c13.722-13.824 35.891-13.824 49.613 0 13.722 13.875 13.722 36.301 0 50.125l-365.619 379.853 365.619 379.802z"
        ],
        "attrs": [
          {}
        ],
        "isMulticolor": false,
        "isMulticolor2": false,
        "tags": [
          "chevron-thin-left"
        ],
        "grid": 20
      },
      "attrs": [
        {}
      ],
      "properties": {
        "order": 7,
        "id": 0,
        "name": "arrow-left",
        "prevSize": 20,
        "code": 59655
      },
      "setIdx": 0,
      "setId": 3,
      "iconIdx": 1
    },
    {
      "icon": {
        "paths": [
          "M896 384l-313.5-40.781-134.5-279.219-134.531 279.219-313.469 40.781 230.469 208.875-59.469 303.063 277-148.812 277.062 148.812-59.562-303.063 230.5-208.875z"
        ],
        "attrs": [
          {}
        ],
        "width": 896,
        "isMulticolor": false,
        "isMulticolor2": false,
        "tags": [
          "star"
        ],
        "grid": 16
      },
      "attrs": [
        {}
      ],
      "properties": {
        "order": 1,
        "id": 0,
        "name": "star",
        "prevSize": 32,
        "code": 59653
      },
      "setIdx": 1,
      "setId": 2,
      "iconIdx": 0
    },
    {
      "icon": {
        "paths": [
          "M1024 226.4c-37.6 16.8-78.2 28-120.6 33 43.4-26 76.6-67.2 92.4-116.2-40.6 24-85.6 41.6-133.4 51-38.4-40.8-93-66.2-153.4-66.2-116 0-210 94-210 210 0 16.4 1.8 32.4 5.4 47.8-174.6-8.8-329.4-92.4-433-219.6-18 31-28.4 67.2-28.4 105.6 0 72.8 37 137.2 93.4 174.8-34.4-1-66.8-10.6-95.2-26.2 0 0.8 0 1.8 0 2.6 0 101.8 72.4 186.8 168.6 206-17.6 4.8-36.2 7.4-55.4 7.4-13.6 0-26.6-1.4-39.6-3.8 26.8 83.4 104.4 144.2 196.2 146-72 56.4-162.4 90-261 90-17 0-33.6-1-50.2-3 93.2 59.8 203.6 94.4 322.2 94.4 386.4 0 597.8-320.2 597.8-597.8 0-9.2-0.2-18.2-0.6-27.2 41-29.4 76.6-66.4 104.8-108.6z"
        ],
        "attrs": [
          {}
        ],
        "isMulticolor": false,
        "isMulticolor2": false,
        "tags": [
          "twitter",
          "brand",
          "tweet",
          "social"
        ],
        "grid": 16
      },
      "attrs": [
        {}
      ],
      "properties": {
        "order": 1,
        "id": 3,
        "name": "twitter",
        "prevSize": 32,
        "code": 59649
      },
      "setIdx": 3,
      "setId": 0,
      "iconIdx": 0
    },
    {
      "icon": {
        "paths": [
          "M608 192h160v-192h-160c-123.514 0-224 100.486-224 224v96h-128v192h128v512h192v-512h160l32-192h-192v-96c0-17.346 14.654-32 32-32z"
        ],
        "attrs": [
          {}
        ],
        "isMulticolor": false,
        "isMulticolor2": false,
        "tags": [
          "facebook",
          "brand",
          "social"
        ],
        "grid": 16
      },
      "attrs": [
        {}
      ],
      "properties": {
        "order": 1,
        "id": 2,
        "name": "facebook",
        "prevSize": 32,
        "code": 59650
      },
      "setIdx": 3,
      "setId": 0,
      "iconIdx": 1
    },
    {
      "icon": {
        "paths": [
          "M384 928c0 53.019-42.981 96-96 96s-96-42.981-96-96c0-53.019 42.981-96 96-96s96 42.981 96 96z",
          "M1024 928c0 53.019-42.981 96-96 96s-96-42.981-96-96c0-53.019 42.981-96 96-96s96 42.981 96 96z",
          "M1024 512v-384h-768c0-35.346-28.654-64-64-64h-192v64h128l48.074 412.054c-29.294 23.458-48.074 59.5-48.074 99.946 0 70.696 57.308 128 128 128h768v-64h-768c-35.346 0-64-28.654-64-64 0-0.218 0.014-0.436 0.016-0.656l831.984-127.344z"
        ],
        "attrs": [
          {},
          {},
          {}
        ],
        "isMulticolor": false,
        "isMulticolor2": false,
        "tags": [
          "cart",
          "purchase",
          "ecommerce",
          "shopping"
        ],
        "grid": 16
      },
      "attrs": [
        {},
        {},
        {}
      ],
      "properties": {
        "order": 1,
        "id": 1,
        "name": "cart",
        "prevSize": 32,
        "code": 59651
      },
      "setIdx": 3,
      "setId": 0,
      "iconIdx": 2
    },
    {
      "icon": {
        "paths": [
          "M992.262 871.396l-242.552-206.294c-25.074-22.566-51.89-32.926-73.552-31.926 57.256-67.068 91.842-154.078 91.842-249.176 0-212.078-171.922-384-384-384-212.076 0-384 171.922-384 384s171.922 384 384 384c95.098 0 182.108-34.586 249.176-91.844-1 21.662 9.36 48.478 31.926 73.552l206.294 242.552c35.322 39.246 93.022 42.554 128.22 7.356s31.892-92.898-7.354-128.22zM384 640c-141.384 0-256-114.616-256-256s114.616-256 256-256 256 114.616 256 256-114.614 256-256 256z"
        ],
        "attrs": [
          {}
        ],
        "isMulticolor": false,
        "isMulticolor2": false,
        "tags": [
          "search",
          "magnifier",
          "magnifying-glass",
          "inspect",
          "find"
        ],
        "grid": 16
      },
      "attrs": [
        {}
      ],
      "properties": {
        "order": 1,
        "id": 0,
        "name": "search",
        "prevSize": 32,
        "code": 59652
      },
      "setIdx": 3,
      "setId": 0,
      "iconIdx": 3
    },
    {
      "icon": {
        "paths": [
          "M1095.429 297.143q13.143 36.571-85.714 168-13.714 18.286-37.143 48.571-44.571 57.143-51.429 74.857-9.714 23.429 8 46.286 9.714 12 46.286 46.857h0.571l2.286 2.286q80.571 74.857 109.143 126.286 1.714 2.857 3.714 7.143t4 15.143-0.286 19.429-14.286 15.714-33.714 7.143l-146.286 2.286q-13.714 2.857-32-2.857t-29.714-12.571l-11.429-6.857q-17.143-12-40-36.571t-39.143-44.286-34.857-33.143-32.286-8.857q-1.714 0.571-4.571 2t-9.714 8.286-12.286 16.857-9.714 29.714-3.714 44.286q0 8.571-2 15.714t-4.286 10.571l-2.286 2.857q-10.286 10.857-30.286 12.571h-65.714q-40.571 2.286-83.429-9.429t-75.143-30.286-58.857-37.714-40.286-32.857l-14.286-13.714q-5.714-5.714-15.714-17.143t-40.857-52-60.571-86.286-70-120.571-74.571-155.429q-3.429-9.143-3.429-15.429t1.714-9.143l2.286-3.429q8.571-10.857 32.571-10.857l156.571-1.143q6.857 1.143 13.143 3.714t9.143 4.857l2.857 1.714q9.143 6.286 13.714 18.286 11.429 28.571 26.286 59.143t23.429 46.571l9.143 16.571q16.571 34.286 32 59.429t27.714 39.143 23.714 22 19.429 8 15.429-2.857q1.143-0.571 2.857-2.857t6.857-12.571 7.714-26.857 5.429-46.286 0-71.429q-1.143-22.857-5.143-41.714t-8-26.286l-3.429-6.857q-14.286-19.429-48.571-24.571-7.429-1.143 2.857-13.714 9.714-10.857 21.714-17.143 30.286-14.857 136.571-13.714 46.857 0.571 77.143 7.429 11.429 2.857 19.143 7.714t11.714 13.714 6 18.286 2 26-0.571 31.429-1.429 40.286-0.857 47.143q0 6.286-0.571 24t-0.286 27.429 2 23.143 6.571 22.286 12.857 14q4.571 1.143 9.714 2.286t14.857-6.286 21.714-19.714 29.714-38.286 38.857-61.429q34.286-59.429 61.143-128.571 2.286-5.714 5.714-10t6.286-6l2.286-1.714 2.857-1.429t7.429-1.714 11.429-0.286l164.571-1.143q22.286-2.857 36.571 1.429t17.714 9.429z"
        ],
        "attrs": [
          {}
        ],
        "width": 1108,
        "isMulticolor": false,
        "isMulticolor2": false,
        "tags": [
          "vk"
        ],
        "grid": 14
      },
      "attrs": [
        {}
      ],
      "properties": {
        "order": 1,
        "id": 0,
        "name": "vk",
        "prevSize": 32,
        "code": 59648
      },
      "setIdx": 2,
      "setId": 1,
      "iconIdx": 0
    }
  ],
  "height": 1024,
  "metadata": {
    "name": "icomoon"
  },
  "preferences": {
    "showGlyphs": true,
    "showCodes": true,
    "showQuickUse": true,
    "showQuickUse2": true,
    "showSVGs": true,
    "fontPref": {
      "prefix": "icon-",
      "metadata": {
        "fontFamily": "icomoon"
      },
      "metrics": {
        "emSize": 1024,
        "baseline": 6.25,
        "whitespace": 50
      },
      "embed": false
    },
    "imagePref": {
      "prefix": "icon-",
      "png": true,
      "useClassSelector": true,
      "color": 0,
      "bgColor": 16777215
    },
    "historySize": 100
  }
}